{"train_loss": 1.8545782566070557, "epoch": 1, "trainer/global_step": 8149, "_runtime": 13319, "_timestamp": 1714738846, "_step": 163, "val_loss": 2.0869991779327393}