{"train_loss": 1.5718146562576294, "epoch": 9, "trainer/global_step": 55999, "_runtime": 78569, "_timestamp": 1714719042, "_step": 1129, "val_loss": 1.8202868700027466}