{"train_loss": 0.1425822526216507, "epoch": 29, "trainer/global_step": 20099, "_runtime": 27300, "_timestamp": 1714779076, "_step": 430, "val_loss": 3.2061197757720947}