{"train_loss": 1.2406690120697021, "epoch": 8, "trainer/global_step": 50399, "_runtime": 51229, "_timestamp": 1714542312, "_step": 1015, "val_loss": 1.8856674432754517}