{"train_loss": 1.973505973815918, "epoch": 2, "trainer/global_step": 1899, "_runtime": 10408, "_timestamp": 1714751444, "_step": 39, "val_loss": 2.3275949954986572}