{"train_loss": 1.123453140258789, "epoch": 9, "trainer/global_step": 55999, "_runtime": 62474, "_timestamp": 1714609755, "_step": 1129, "val_loss": 1.9078242778778076}