{"train_loss": 1.1200180053710938, "epoch": 9, "trainer/global_step": 55999, "_runtime": 79669, "_timestamp": 1714859104, "_step": 1129, "val_loss": 1.9204449653625488}